Char	Script
<unk>	Others
<pad>	Others
<ws>	Others
a	Basic Latin[g]
e	Basic Latin[g]
i	Basic Latin[g]
n	Basic Latin[g]
t	Basic Latin[g]
o	Basic Latin[g]
r	Basic Latin[g]
s	Basic Latin[g]
l	Basic Latin[g]
m	Basic Latin[g]
d	Basic Latin[g]
u	Basic Latin[g]
k	Basic Latin[g]
g	Basic Latin[g]
h	Basic Latin[g]
p	Basic Latin[g]
ا	Arabic
y	Basic Latin[g]
c	Basic Latin[g]
v	Basic Latin[g]
b	Basic Latin[g]
а	Cyrillic
о	Cyrillic
ن	Arabic
و	Arabic
j	Basic Latin[g]
и	Cyrillic
་	Tibetan
н	Cyrillic
ی	Arabic
z	Basic Latin[g]
ر	Arabic
f	Basic Latin[g]
م	Arabic
ل	Arabic
т	Cyrillic
е	Cyrillic
ت	Arabic
د	Arabic
ه	Arabic
ە	Arabic
р	Cyrillic
w	Basic Latin[g]
д	Cyrillic
்	Tamil
ى	Arabic
ب	Arabic
ک	Arabic
м	Cyrillic
്	Malayalam
с	Cyrillic
л	Cyrillic
в	Cyrillic
ा	Devanagari
-	Basic Latin[g]
س	Arabic
​	General Punctuation
ა	Georgian
ա	Armenian
к	Cyrillic
у	Cyrillic
ي	Arabic
်	Myanmar
q	Basic Latin[g]
ი	Georgian
α	Greek and Coptic
г	Cyrillic
र	Devanagari
х	Cyrillic
б	Cyrillic
್	Kannada
á	Latin-1 Supplement[h]
क	Devanagari
्	Devanagari
া	Bengali
ე	Georgian
ն	Armenian
э	Cyrillic
े	Devanagari
க	Tamil
'	Basic Latin[g]
é	Latin-1 Supplement[h]
్	Telugu
न	Devanagari
ு	Tamil
ə	Latin
ి	Telugu
ش	Arabic
ে	Bengali
ា	Khmer
្	Khmer
ા	Gujarati
τ	Greek and Coptic
з	Cyrillic
ق	Arabic
ä	Latin-1 Supplement[h]
්	Sinhala
י	Hebrew
ന	Malayalam
র	Bengali
ו	Hebrew
ི	Tibetan
ు	Telugu
ಿ	Kannada
ह	Devanagari
න	Sinhala
ο	Greek and Coptic
ı	Latin
న	Telugu
ా	Telugu
ು	Kannada
ε	Greek and Coptic
п	Cyrillic
ി	Malayalam
த	Tamil
ո	Armenian
ι	Greek and Coptic
ས	Tibetan
й	Cyrillic
ி	Tamil
ि	Devanagari
ക	Malayalam
ད	Tibetan
ز	Arabic
ë	Latin-1 Supplement[h]
я	Cyrillic
ે	Gujarati
ր	Armenian
स	Devanagari
ئ	Arabic
ു	Malayalam
ု	Myanmar
တ	Myanmar
ե	Armenian
ာ	Myanmar
ි	Sinhala
پ	Arabic
í	Latin-1 Supplement[h]
ν	Greek and Coptic
ს	Georgian
า	Thai
म	Devanagari
ನ	Kannada
း	Myanmar
რ	Georgian
က	Myanmar
ې	Arabic
ག	Tibetan
ន	Khmer
ದ	Kannada
å	Latin-1 Supplement[h]
น	Thai
ོ	Tibetan
ה	Hebrew
त	Devanagari
ہ	Arabic
ك	Arabic
?	Basic Latin[g]
ေ	Myanmar
ो	Devanagari
ч	Cyrillic
،	Arabic
ರ	Kannada
ව	Sinhala
ိ	Myanmar
่	Thai
క	Telugu
্	Bengali
მ	Georgian
خ	Arabic
ি	Bengali
ത	Malayalam
ð	Latin-1 Supplement[h]
ம	Tamil
ի	Armenian
ર	Gujarati
ಾ	Kannada
ర	Telugu
і	Cyrillic
ო	Georgian
ක	Sinhala
ल	Devanagari
ö	Latin-1 Supplement[h]
ೆ	Kannada
ང	Tibetan
ാ	Malayalam
ے	Arabic
य	Devanagari
ক	Bengali
ন	Bengali
ج	Arabic
ల	Telugu
ར	Tibetan
ப	Tamil
x	Basic Latin[g]
ü	Latin-1 Supplement[h]
ל	Hebrew
ತ	Kannada
့	Myanmar
ම	Sinhala
ం	Telugu
ी	Devanagari
‌	General Punctuation
ۇ	Arabic
ය	Sinhala
چ	Arabic
ó	Latin-1 Supplement[h]
ா	Tamil
ન	Gujarati
ர	Tamil
བ	Tibetan
א	Hebrew
ш	Cyrillic
ပ	Myanmar
گ	Arabic
ත	Sinhala
մ	Armenian
ી	Gujarati
ร	Thai
ع	Arabic
រ	Khmer
ვ	Georgian
อ	Thai
π	Greek and Coptic
ವ	Kannada
ف	Arabic
ь	Cyrillic
ж	Cyrillic
ប	Khmer
ര	Malayalam
เ	Thai
ક	Gujarati
ා	Sinhala
ಲ	Kannada
မ	Myanmar
μ	Greek and Coptic
ρ	Greek and Coptic
ན	Tibetan
ེ	Tibetan
ง	Thai
ւ	Armenian
κ	Greek and Coptic
ன	Tamil
σ	Greek and Coptic
ব	Bengali
ת	Hebrew
დ	Georgian
ก	Thai
ಗ	Kannada
န	Myanmar
प	Devanagari
ნ	Georgian
ட	Tamil
ं	Devanagari
ત	Gujarati
യ	Malayalam
ல	Tamil
ु	Devanagari
ত	Bengali
ม	Thai
מ	Hebrew
வ	Tamil
υ	Greek and Coptic
ێ	Arabic
ლ	Georgian
ក	Khmer
འ	Tibetan
ş	Latin
્	Gujarati
ž	Latin
ש	Hebrew
ბ	Georgian
ྱ	Tibetan
ಕ	Kannada
้	Thai
ү	Cyrillic
త	Telugu
ត	Khmer
š	Latin
ר	Hebrew
ស	Khmer
మ	Telugu
à	Latin-1 Supplement[h]
လ	Myanmar
െ	Malayalam
མ	Tibetan
ă	Latin
ప	Telugu
ں	Arabic
వ	Telugu
મ	Gujarati
ු	Sinhala
ै	Devanagari
è	Latin-1 Supplement[h]
կ	Armenian
ં	Gujarati
င	Myanmar
的	Han
ี	Thai
თ	Georgian
ട	Malayalam
ை	Tamil
ς	Greek and Coptic
ั	Thai
ස	Sinhala
č	Latin
ല	Malayalam
ો	Gujarati
ద	Telugu
غ	Arabic
ற	Tamil
ུ	Tibetan
ב	Hebrew
ង	Khmer
ы	Cyrillic
ර	Sinhala
ម	Khmer
ح	Arabic
ว	Thai
স	Bengali
ဲ	Myanmar
ಮ	Kannada
ম	Bengali
ब	Devanagari
ם	Hebrew
മ	Malayalam
ú	Latin-1 Supplement[h]
व	Devanagari
ள	Tamil
ಂ	Kannada
ရ	Myanmar
പ	Malayalam
ய	Tamil
വ	Malayalam
ά	Greek and Coptic
λ	Greek and Coptic
ល	Khmer
ۆ	Arabic
η	Greek and Coptic
చ	Telugu
យ	Khmer
ಸ	Kannada
ç	Latin-1 Supplement[h]
द	Devanagari
વ	Gujarati
ھ	Arabic
נ	Hebrew
ే	Telugu
ಯ	Kannada
ွ	Myanmar
ग	Devanagari
ί	Greek and Coptic
յ	Armenian
ந	Tamil
þ	Latin-1 Supplement[h]
ം	Malayalam
ြ	Myanmar
ս	Armenian
પ	Gujarati
ज	Devanagari
ལ	Tibetan
స	Telugu
ย	Thai
ল	Bengali
đ	Latin
အ	Myanmar
់	Khmer
ό	Greek and Coptic
տ	Armenian
ද	Sinhala
ล	Thai
，	Halfwidth and Fullwidth Forms
ท	Thai
།	Tibetan
စ	Myanmar
য	Bengali
ျ	Myanmar
।	Devanagari
ප	Sinhala
ෙ	Sinhala
ှ	Myanmar
ള	Malayalam
య	Telugu
ө	Cyrillic
უ	Georgian
ц	Cyrillic
ట	Telugu
ခ	Myanmar
გ	Georgian
ങ	Malayalam
ด	Thai
ේ	Sinhala
ુ	Gujarati
ಳ	Kannada
כ	Hebrew
έ	Greek and Coptic
‍	General Punctuation
ල	Sinhala
េ	Khmer
ք	Armenian
প	Bengali
ើ	Khmer
ু	Bengali
સ	Gujarati
ю	Cyrillic
ុ	Khmer
լ	Armenian
ទ	Khmer
ో	Telugu
ယ	Myanmar
ą	Latin
ំ	Khmer
ិ	Khmer
の	Hiragana
ส	Thai
ါ	Myanmar
ય	Gujarati
ค	Thai
గ	Telugu
သ	Myanmar
æ	Latin-1 Supplement[h]
ח	Hebrew
ச	Tamil
ព	Khmer
վ	Armenian
আ	Bengali
ට	Sinhala
డ	Telugu
જ	Gujarati
པ	Tibetan
ø	Latin-1 Supplement[h]
ห	Thai
أ	Arabic
റ	Malayalam
ة	Arabic
හ	Sinhala
ണ	Malayalam
ิ	Thai
ီ	Myanmar
អ	Khmer
ע	Hebrew
ಹ	Kannada
γ	Greek and Coptic
我	Han
ะ	Thai
ъ	Cyrillic
ý	Latin-1 Supplement[h]
এ	Bengali
ැ	Sinhala
ཡ	Tibetan
ց	Armenian
ص	Arabic
ğ	Latin
ต	Thai
ც	Georgian
ച	Malayalam
ד	Hebrew
ྲ	Tibetan
შ	Georgian
സ	Malayalam
ô	Latin-1 Supplement[h]
ដ	Khmer
δ	Greek and Coptic
ط	Arabic
គ	Khmer
ট	Bengali
ไ	Thai
भ	Devanagari
দ	Bengali
щ	Cyrillic
ಬ	Kannada
ڭ	Arabic
ច	Khmer
հ	Armenian
แ	Thai
अ	Devanagari
ជ	Khmer
ី	Khmer
ป	Thai
હ	Gujarati
이	Hangul
ф	Cyrillic
च	Devanagari
ě	Latin
छ	Devanagari
ග	Sinhala
。	CJK Symbols and Punctuation
บ	Thai
લ	Gujarati
で	Hiragana
դ	Armenian
ಡ	Kannada
છ	Gujarati
다	Hangul
ೇ	Kannada
அ	Tamil
අ	Sinhala
ણ	Gujarati
វ	Khmer
য়	Bengali
ư	Latin
آ	Arabic
ಅ	Kannada
ே	Tamil
उ	Devanagari
ཁ	Tibetan
ė	Latin
ק	Hebrew
ტ	Georgian
ή	Greek and Coptic
一	Han
ω	Greek and Coptic
ಪ	Kannada
િ	Gujarati
അ	Malayalam
ো	Bengali
ę	Latin
ხ	Georgian
จ	Thai
இ	Tamil
ీ	Telugu
ذ	Arabic
။	Myanmar
ए	Devanagari
是	Han
అ	Telugu
す	Hiragana
ែ	Khmer
ł	Latin
는	Hangul
니	Hangul
थ	Devanagari
ញ	Khmer
ူ	Myanmar
হ	Bengali
ই	Bengali
ཚ	Tibetan
ข	Thai
ը	Armenian
ോ	Malayalam
է	Armenian
χ	Greek and Coptic
ខ	Khmer
ె	Telugu
し	Hiragana
ื	Thai
ट	Devanagari
ڵ	Arabic
թ	Armenian
ဒ	Myanmar
એ	Gujarati
ใ	Thai
ۈ	Arabic
ះ	Khmer
આ	Gujarati
জ	Bengali
კ	Georgian
い	Hiragana
થ	Gujarati
ண	Tamil
ཞ	Tibetan
ղ	Armenian
ྒ	Tibetan
ছ	Bengali
ँ	Devanagari
અ	Gujarati
ಟ	Kannada
î	Latin-1 Supplement[h]
গ	Bengali
બ	Gujarati
எ	Tamil
आ	Devanagari
ೂ	Kannada
ံ	Myanmar
פ	Hebrew
ូ	Khmer
ெ	Tamil
θ	Greek and Coptic
শ	Bengali
พ	Thai
ဖ	Myanmar
බ	Sinhala
។	Khmer
բ	Armenian
«	Latin-1 Supplement[h]
գ	Armenian
ො	Sinhala
श	Devanagari
に	Hiragana
ז	Hebrew
ू	Devanagari
ų	Latin
ៅ	Khmer
た	Hiragana
â	Latin-1 Supplement[h]
ã	Latin-1 Supplement[h]
ហ	Khmer
ุ	Thai
»	Latin-1 Supplement[h]
は	Hiragana
在	Han
ò	Latin-1 Supplement[h]
պ	Armenian
ג	Hebrew
ួ	Khmer
ગ	Gujarati
ೊ	Kannada
ქ	Georgian
ဆ	Myanmar
ύ	Greek and Coptic
と	Hiragana
દ	Gujarati
ោ	Khmer
る	Hiragana
!	Basic Latin[g]
에	Hangul
શ	Gujarati
ڕ	Arabic
ۋ	Arabic
ż	Latin
ế	Latin
็	Thai
খ	Bengali
ટ	Gujarati
চ	Bengali
ཀ	Tibetan
ී	Sinhala
人	Han
ู	Thai
が	Hiragana
て	Hiragana
ړ	Arabic
ई	Devanagari
を	Hiragana
ř	Latin
ზ	Georgian
ס	Hebrew
ま	Hiragana
ध	Devanagari
ạ	Latin
φ	Greek and Coptic
그	Hangul
ำ	Thai
な	Hiragana
წ	Georgian
ث	Arabic
չ	Armenian
지	Hangul
ê	Latin-1 Supplement[h]
എ	Malayalam
േ	Malayalam
ည	Myanmar
ভ	Bengali
ங	Tamil
ཐ	Tibetan
ோ	Tamil
ထ	Myanmar
ख	Devanagari
ض	Arabic
ś	Latin
ộ	Latin
ť	Latin
ಇ	Kannada
ן	Hebrew
ё	Cyrillic
을	Hangul
۔	Arabic
ծ	Armenian
থ	Bengali
ώ	Greek and Coptic
有	Han
औ	Devanagari
շ	Armenian
ő	Latin
इ	Devanagari
ấ	Latin
가	Hangul
ദ	Malayalam
们	Han
ધ	Gujarati
צ	Hebrew
ყ	Georgian
එ	Sinhala
ொ	Tamil
ဘ	Myanmar
ూ	Telugu
၊	Myanmar
하	Hangul
ખ	Gujarati
ચ	Gujarati
의	Hangul
ช	Thai
ष	Devanagari
ผ	Thai
고	Hangul
ೋ	Kannada
;	Basic Latin[g]
ჩ	Georgian
他	Han
ষ	Bengali
ì	Latin-1 Supplement[h]
ఇ	Telugu
은	Hangul
؟	Arabic
ಚ	Kannada
ថ	Khmer
ფ	Georgian
ഞ	Malayalam
ழ	Tamil
ဟ	Myanmar
ड	Devanagari
ึ	Thai
ט	Hebrew
ཆ	Tibetan
ೀ	Kannada
れ	Hiragana
խ	Armenian
了	Han
బ	Telugu
不	Han
ć	Latin
們	Han
և	Armenian
జ	Telugu
ږ	Arabic
ځ	Arabic
ീ	Malayalam
զ	Armenian
ț	Latin
こ	Hiragana
も	Hiragana
ధ	Telugu
ྐ	Tibetan
ྟ	Tibetan
ả	Latin
ડ	Gujarati
ể	Latin
ژ	Arabic
į	Latin
অ	Bengali
ណ	Khmer
உ	Tamil
ಷ	Kannada
ệ	Latin
ী	Bengali
ཤ	Tibetan
์	Thai
你	Han
ಜ	Kannada
ធ	Khmer
ờ	Latin
శ	Telugu
ề	Latin
ռ	Armenian
ొ	Telugu
ಶ	Kannada
ș	Latin
ಆ	Kannada
ശ	Malayalam
ഷ	Malayalam
ښ	Arabic
ഇ	Malayalam
ধ	Bengali
є	Cyrillic
ถ	Thai
를	Hangul
ớ	Latin
ఆ	Telugu
ණ	Sinhala
ং	Bengali
기	Hangul
ګ	Arabic
들	Hangul
ആ	Malayalam
서	Hangul
ণ	Bengali
か	Hiragana
ై	Telugu
’	General Punctuation
फ	Devanagari
ළ	Sinhala
ữ	Latin
ण	Devanagari
리	Hangul
β	Greek and Coptic
ー	Katakana
大	Han
ौ	Devanagari
إ	Arabic
ష	Telugu
ఉ	Telugu
습	Hangul
到	Han
ஒ	Tamil
있	Hangul
ξ	Greek and Coptic
这	Han
ณ	Thai
로	Hangul
ٹ	Arabic
ഒ	Malayalam
う	Hiragana
以	Han
ძ	Georgian
り	Hiragana
아	Hangul
어	Hangul
ཅ	Tibetan
ら	Hiragana
ൂ	Malayalam
요	Hangul
ღ	Georgian
ټ	Arabic
ཕ	Tibetan
ও	Bengali
ջ	Armenian
ū	Latin
ố	Latin
౦	Telugu
个	Han
ظ	Arabic
ீ	Tamil
ձ	Armenian
โ	Thai
ൽ	Malayalam
პ	Georgian
ឹ	Khmer
것	Hangul
”	General Punctuation
څ	Arabic
ಭ	Kannada
ૂ	Gujarati
ഗ	Malayalam
ൾ	Malayalam
도	Hangul
ળ	Gujarati
한	Hangul
ů	Latin
ൊ	Malayalam
ậ	Latin
ಣ	Kannada
ї	Cyrillic
ભ	Gujarati
ಒ	Kannada
上	Han
個	Han
“	General Punctuation
ඔ	Sinhala
ភ	Khmer
ઓ	Gujarati
ự	Latin
生	Han
ઇ	Gujarati
ഉ	Malayalam
ủ	Latin
ډ	Arabic
ء	Arabic
ζ	Greek and Coptic
可	Han
ľ	Latin
ợ	Latin
些	Han
라	Hangul
ധ	Malayalam
ン	Katakana
這	Han
ך	Hebrew
ூ	Tamil
ţ	Latin
ಎ	Kannada
ཏ	Tibetan
那	Han
ơ	Latin
해	Hangul
ứ	Latin
ඇ	Sinhala
ఒ	Telugu
っ	Hiragana
ಈ	Kannada
փ	Armenian
ầ	Latin
ở	Latin
能	Han
উ	Bengali
く	Hiragana
ん	Hiragana
ཉ	Tibetan
あ	Hiragana
ọ	Latin
ៀ	Khmer
자	Hangul
ഹ	Malayalam
要	Han
来	Han
ً	Arabic
ళ	Telugu
ஆ	Tamil
ഴ	Malayalam
ജ	Malayalam
։	Armenian
భ	Telugu
ۍ	Arabic
ൻ	Malayalam
ဝ	Myanmar
き	Hiragana
ෝ	Sinhala
ಧ	Kannada
ಥ	Kannada
ඉ	Sinhala
시	Hangul
ణ	Telugu
ఎ	Telugu
수	Hangul
中	Han
因	Han
०	Devanagari
게	Hangul
입	Hangul
사	Hangul
ù	Latin-1 Supplement[h]
హ	Telugu
ឺ	Khmer
ශ	Sinhala
ඩ	Sinhala
就	Han
そ	Hiragana
ڑ	Arabic
ઉ	Gujarati
ផ	Khmer
ફ	Gujarati
ഭ	Malayalam
ෂ	Sinhala
ๆ	Thai
ඒ	Sinhala
ષ	Gujarati
分	Han
나	Hangul
所	Han
္	Myanmar
ླ	Tibetan
៉	Khmer
時	Han
ཟ	Tibetan
ઈ	Gujarati
出	Han
만	Hangul
？	Halfwidth and Fullwidth Forms
대	Hangul
多	Han
ྡ	Tibetan
它	Han
ซ	Thai
看	Han
年	Han
ං	Sinhala
제	Hangul
ឆ	Khmer
よ	Hiragana
ڈ	Arabic
ർ	Malayalam
为	Han
事	Han
地	Han
ඳ	Sinhala
）	Halfwidth and Fullwidth Forms
（	Halfwidth and Fullwidth Forms
ठ	Devanagari
ජ	Sinhala
自	Han
だ	Hiragana
想	Han
現	Han
보	Hangul
如	Han
—	General Punctuation
झ	Devanagari
ス	Katakana
イ	Katakana
우	Hangul
而	Han
ཨ	Tibetan
ড	Bengali
ढ	Devanagari
也	Han
여	Hangul
ফ	Bengali
ธ	Thai
인	Hangul
ៃ	Khmer
作	Han
ཇ	Tibetan
、	CJK Symbols and Punctuation
ñ	Latin-1 Supplement[h]
ň	Latin
很	Han
ஏ	Tamil
으	Hangul
為	Han
用	Han
ఈ	Telugu
ಉ	Kannada
子	Han
ಖ	Kannada
ị	Latin
़	Devanagari
죠	Hangul
行	Han
ূ	Bengali
ฉ	Thai
但	Han
和	Han
생	Hangul
ఫ	Telugu
ബ	Malayalam
ญ	Thai
ྩ	Tibetan
ศ	Thai
ྤ	Tibetan
ժ	Armenian
ධ	Sinhala
ắ	Latin
最	Han
저	Hangul
家	Han
스	Hangul
私	Han
成	Han
ච	Sinhala
ೈ	Kannada
ড়	Bengali
者	Han
さ	Hiragana
ß	Latin-1 Supplement[h]
물	Hangul
ち	Hiragana
օ	Armenian
០	Khmer
け	Hiragana
都	Han
物	Han
リ	Katakana
러	Hangul
ษ	Thai
ď	Latin
정	Hangul
：	Halfwidth and Fullwidth Forms
했	Hangul
ಏ	Kannada
구	Hangul
세	Hangul
前	Han
像	Han
ụ	Latin
世	Han
ψ	Greek and Coptic
手	Han
ဂ	Myanmar
ഥ	Malayalam
할	Hangul
ឡ	Khmer
적	Hangul
모	Hangul
方	Han
전	Hangul
분	Hangul
」	CJK Symbols and Punctuation
來	Han
ཙ	Tibetan
ト	Katakana
法	Han
ッ	Katakana
做	Han
得	Han
會	Han
つ	Hiragana
会	Han
間	Han
ճ	Armenian
ූ	Sinhala
動	Han
意	Han
果	Han
ृ	Devanagari
ẽ	Latin
ằ	Latin
ภ	Thai
ừ	Latin
重	Han
១	Khmer
과	Hangul
小	Han
め	Hiragana
부	Hangul
化	Han
ဗ	Myanmar
실	Hangul
야	Hangul
之	Han
其	Han
데	Hangul
界	Han
상	Hangul
常	Han
ঁ	Bengali
ྗ	Tibetan
感	Han
때	Hangul
면	Hangul
下	Han
せ	Hiragana
ෑ	Sinhala
ஸ	Tamil
起	Han
知	Han
么	Han
相	Han
ථ	Sinhala
합	Hangul
었	Hangul
道	Han
部	Han
„	General Punctuation
ど	Hiragana
ઘ	Gujarati
什	Han
ओ	Devanagari
ク	Katakana
ồ	Latin
థ	Telugu
일	Hangul
¿	Latin-1 Supplement[h]
や	Hiragana
「	CJK Symbols and Punctuation
건	Hangul
거	Hangul
本	Han
度	Han
始	Han
發	Han
ৃ	Bengali
比	Han
ཧ	Tibetan
え	Hiragana
正	Han
ൈ	Malayalam
笑	Han
面	Han
麼	Han
同	Han
ặ	Latin
ྙ	Tibetan
文	Han
័	Khmer
오	Hangul
ฟ	Thai
१	Devanagari
말	Hangul
定	Han
ཊ	Tibetan
学	Han
或	Han
说	Han
美	Han
ఖ	Telugu
何	Han
০	Bengali
주	Hangul
래	Hangul
૦	Gujarati
٠	Arabic
見	Han
真	Han
ఏ	Telugu
උ	Sinhala
ྷ	Tibetan
好	Han
෴	Sinhala
ආ	Sinhala
ـ	Arabic
入	Han
ឌ	Khmer
ಫ	Kannada
घ	Devanagari
ń	Latin
国	Han
把	Han
新	Han
时	Han
음	Hangul
ഡ	Malayalam
信	Han
진	Hangul
භ	Sinhala
性	Han
되	Hangul
ổ	Latin
ル	Katakana
공	Hangul
三	Han
天	Han
思	Han
ჯ	Georgian
情	Han
ঙ	Bengali
全	Han
단	Hangul
õ	Latin-1 Supplement[h]
ף	Hebrew
ؤ	Arabic
신	Hangul
়	Bengali
동	Hangul
까	Hangul
非	Han
理	Han
계	Hangul
ྣ	Tibetan
当	Han
ဉ	Myanmar
ృ	Telugu
立	Han
ラ	Katakana
́	Others
ཛ	Tibetan
プ	Katakana
日	Han
ロ	Katakana
ア	Katakana
通	Han
テ	Katakana
力	Han
ඥ	Sinhala
然	Han
ഈ	Malayalam
再	Han
៥	Khmer
람	Hangul
ऊ	Devanagari
ૉ	Gujarati
ೃ	Kannada
工	Han
数	Han
声	Han
각	Hangul
己	Han
合	Han
ឿ	Khmer
ঠ	Bengali
於	Han
발	Hangul
教	Han
今	Han
說	Han
機	Han
開	Han
학	Hangul
過	Han
화	Hangul
ű	Latin
言	Han
않	Hangul
发	Han
ঘ	Bengali
使	Han
明	Han
무	Hangul
마	Hangul
次	Han
解	Han
미	Hangul
造	Han
̀	Others
彼	Han
計	Han
わ	Hiragana
바	Hangul
後	Han
`	Basic Latin[g]
៧	Khmer
ỏ	Latin
ば	Hiragana
公	Han
중	Hangul
ៗ	Khmer
२	Devanagari
活	Han
女	Han
進	Han
告	Han
现	Han
开	Han
斯	Han
考	Han
ジ	Katakana
와	Hangul
트	Hangul
式	Han
간	Hangul
題	Han
程	Han
더	Hangul
ឃ	Khmer
命	Han
장	Hangul
၀	Myanmar
ඕ	Sinhala
ỉ	Latin
体	Han
目	Han
实	Han
已	Han
문	Hangul
于	Han
回	Han
二	Han
位	Han
樣	Han
種	Han
조	Hangul
后	Han
ज़	Devanagari
용	Hangul
問	Han
展	Han
फ़	Devanagari
當	Han
ჭ	Georgian
更	Han
建	Han
器	Han
디	Hangul
去	Han
년	Hangul
她	Han
シ	Katakana
學	Han
利	Han
직	Hangul
ُ	Arabic
受	Han
ឋ	Khmer
品	Han
必	Han
第	Han
ょ	Hiragana
ઠ	Gujarati
༠	Tibetan
ĩ	Latin
ử	Latin
런	Hangul
ឥ	Khmer
ৈ	Bengali
៍	Khmer
过	Han
성	Hangul
孩	Han
名	Han
特	Han
被	Han
经	Han
՞	Armenian
种	Han
៩	Khmer
국	Hangul
カ	Katakana
掌	Han
비	Hangul
ഫ	Malayalam
病	Han
候	Han
主	Han
影	Han
안	Hangul
放	Han
터	Hangul
样	Han
お	Hiragana
ៈ	Khmer
명	Hangul
此	Han
高	Han
드	Hangul
科	Han
謝	Han
基	Han
위	Hangul
越	Han
加	Han
實	Han
里	Han
ञ	Devanagari
ャ	Katakana
ฝ	Thai
ź	Latin
・	Katakana
ൃ	Malayalam
讓	Han
只	Han
관	Hangul
素	Han
ౖ	Telugu
动	Han
對	Han
チ	Katakana
拍	Han
各	Han
술	Hangul
キ	Katakana
ィ	Katakana
表	Han
유	Hangul
切	Han
ჰ	Georgian
算	Han
ဇ	Myanmar
心	Han
ഏ	Malayalam
ڼ	Arabic
！	Halfwidth and Fullwidth Forms
集	Han
ঞ	Bengali
ॉ	Devanagari
点	Han
結	Han
少	Han
金	Han
ඊ	Sinhala
질	Hangul
バ	Katakana
著	Han
ဦ	Myanmar
ဏ	Myanmar
及	Han
机	Han
ឯ	Khmer
ྔ	Tibetan
從	Han
レ	Katakana
১	Bengali
神	Han
내	Hangul
将	Han
ِ	Arabic
並	Han
着	Han
행	Hangul
グ	Katakana
원	Hangul
代	Han
音	Han
政	Han
境	Han
ũ	Latin
存	Han
料	Han
ム	Katakana
좋	Hangul
經	Han
メ	Katakana
制	Han
타	Hangul
給	Han
개	Hangul
든	Hangul
남	Hangul
呢	Han
與	Han
ほ	Hiragana
コ	Katakana
パ	Katakana
完	Han
設	Han
ず	Hiragana
形	Han
없	Hangul
兩	Han
예	Hangul
示	Han
タ	Katakana
对	Han
ฐ	Thai
フ	Katakana
운	Hangul
星	Han
接	Han
民	Han
近	Han
任	Han
將	Han
需	Han
경	Hangul
國	Han
١	Arabic
交	Han
片	Han
ೌ	Kannada
给	Han
決	Han
模	Han
ỗ	Latin
ド	Katakana
每	Han
작	Hangul
ෞ	Sinhala
ઝ	Gujarati
방	Hangul
ঝ	Bengali
웃	Hangul
技	Han
跟	Han
聲	Han
ឈ	Khmer
태	Hangul
ૈ	Gujarati
볼	Hangul
型	Han
還	Han
量	Han
५	Devanagari
치	Hangul
ङ	Devanagari
流	Han
空	Han
身	Han
電	Han
종	Hangul
९	Devanagari
且	Han
집	Hangul
问	Han
불	Hangul
十	Han
살	Hangul
٢	Arabic
$	Basic Latin[g]
沒	Han
̣	Others
变	Han
西	Han
ྥ	Tibetan
字	Han
み	Hiragana
ץ	Hebrew
양	Hangul
市	Han
没	Han
象	Han
평	Hangul
ّ	Arabic
無	Han
៏	Khmer
았	Hangul
　	CJK Symbols and Punctuation
통	Hangul
೦	Kannada
許	Han
社	Han
石	Han
體	Han
場	Han
関	Han
进	Han
영	Hangul
ဥ	Myanmar
長	Han
식	Hangul
같	Hangul
超	Han
花	Han
究	Han
른	Hangul
럼	Hangul
ૃ	Gujarati
؛	Arabic
՝	Armenian
并	Han
점	Hangul
ऐ	Devanagari
便	Han
ഓ	Malayalam
프	Hangul
取	Han
َ	Arabic
收	Han
府	Han
術	Han
३	Devanagari
让	Han
알	Hangul
裡	Han
ウ	Katakana
デ	Katakana
ٓ	Arabic
ஊ	Tamil
히	Hangul
从	Han
台	Han
原	Han
根	Han
关	Han
四	Han
關	Han
消	Han
義	Han
水	Han
못	Hangul
持	Han
ඟ	Sinhala
ẩ	Latin
ड़	Devanagari
차	Hangul
결	Hangul
재	Hangul
べ	Hiragana
研	Han
诉	Han
車	Han
ྦ	Tibetan
ఘ	Telugu
론	Hangul
처	Hangul
期	Han
ಞ	Kannada
ェ	Katakana
げ	Hiragana
百	Han
ౌ	Telugu
向	Han
気	Han
吧	Han
៦	Khmer
۱	Arabic
球	Han
번	Hangul
探	Han
ڤ	Arabic
演	Han
왔	Hangul
크	Hangul
렇	Hangul
叫	Han
死	Han
怎	Han
細	Han
ご	Hiragana
食	Han
၂	Myanmar
々	CJK Symbols and Punctuation
연	Hangul
업	Hangul
外	Han
걸	Hangul
直	Han
初	Han
置	Han
난	Hangul
微	Han
約	Han
题	Han
光	Han
ৎ	Bengali
ഠ	Malayalam
ミ	Katakana
例	Han
ニ	Katakana
곳	Hangul
》	CJK Symbols and Punctuation
談	Han
향	Hangul
難	Han
법	Hangul
深	Han
系	Han
២	Khmer
능	Hangul
答	Han
萬	Han
１	Halfwidth and Fullwidth Forms
セ	Katakana
発	Han
져	Hangul
色	Han
群	Han
業	Han
험	Hangul
英	Han
还	Han
长	Han
왜	Hangul
ဓ	Myanmar
많	Hangul
겁	Hangul
室	Han
強	Han
語	Han
記	Han
려	Hangul
̉	Others
ஃ	Tamil
装	Han
૧	Gujarati
念	Han
ჟ	Georgian
ね	Hiragana
送	Han
၁	Myanmar
견	Hangul
속	Hangul
甚	Han
금	Hangul
소	Hangul
點	Han
じ	Hiragana
包	Han
実	Han
২	Bengali
畫	Han
표	Hangul
源	Han
르	Hangul
두	Hangul
待	Han
ボ	Katakana
与	Han
染	Han
༣	Tibetan
由	Han
ẫ	Latin
너	Hangul
>	Basic Latin[g]
先	Han
ẻ	Latin
ஹ	Tamil
‎	General Punctuation
打	Han
谢	Han
又	Han
海	Han
件	Han
反	Han
状	Han
２	Halfwidth and Fullwidth Forms
訴	Han
保	Han
選	Han
繼	Han
連	Han
냐	Hangul
类	Han
였	Hangul
太	Han
레	Hangul
ฆ	Thai
司	Han
ҳ	Cyrillic
됩	Hangul
확	Hangul
ෘ	Sinhala
課	Han
료	Hangul
돌	Hangul
ẹ	Latin
照	Han
測	Han
應	Han
續	Han
眼	Han
ૅ	Gujarati
至	Han
또	Hangul
達	Han
呼	Han
ỳ	Latin
۰	Arabic
청	Hangul
피	Hangul
求	Han
ỡ	Latin
確	Han
노	Hangul
改	Han
火	Han
數	Han
報	Han
才	Han
٥	Arabic
·	Latin-1 Supplement[h]
ろ	Hiragana
平	Han
試	Han
ஐ	Tamil
ྨ	Tibetan
写	Han
배	Hangul
试	Han
༽	Tibetan
增	Han
山	Han
内	Han
安	Han
४	Devanagari
吗	Han
親	Han
&	Basic Latin[g]
头	Han
够	Han
၅	Myanmar
類	Han
근	Hangul
早	Han
共	Han
味	Han
ஷ	Tamil
ễ	Latin
电	Han
線	Han
承	Han
确	Han
졌	Hangul
된	Hangul
༡	Tibetan
師	Han
심	Hangul
覺	Han
《	CJK Symbols and Punctuation
༼	Tibetan
喜	Han
落	Han
伊	Han
遠	Han
카	Hangul
날	Hangul
運	Han
景	Han
剛	Han
克	Han
ฤ	Thai
ฎ	Thai
吃	Han
ఓ	Telugu
倍	Han
박	Hangul
話	Han
区	Han
万	Han
회	Hangul
良	Han
観	Han
擁	Han
員	Han
ノ	Katakana
긴	Hangul
資	Han
対	Han
당	Hangul
粒	Han
健	Han
순	Hangul
본	Hangul
ഘ	Malayalam
息	Han
管	Han
兒	Han
۳	Arabic
幸	Han
返	Han
ソ	Katakana
资	Han
ỹ	Latin
育	Han
겠	Hangul
論	Han
열	Hangul
ഖ	Malayalam
否	Han
출	Hangul
白	Han
접	Hangul
助	Han
拉	Han
력	Hangul
현	Hangul
ガ	Katakana
参	Han
注	Han
製	Han
温	Han
須	Han
エ	Katakana
받	Hangul
似	Han
교	Hangul
ٍ	Arabic
听	Han
築	Han
認	Han
ワ	Katakana
군	Hangul
란	Hangul
未	Han
ỷ	Latin
士	Han
៊	Khmer
ૌ	Gujarati
…	General Punctuation
域	Han
愛	Han
住	Han
计	Han
停	Han
危	Han
=	Basic Latin[g]
ৌ	Bengali
间	Han
功	Han
核	Han
半	Han
環	Han
投	Han
决	Han
권	Hangul
―	General Punctuation
マ	Katakana
終	Han
サ	Katakana
症	Han
매	Hangul
快	Han
找	Han
ナ	Katakana
场	Han
ョ	Katakana
话	Han
应	Han
械	Han
흥	Hangul
餐	Han
底	Han
足	Han
移	Han
老	Han
ஜ	Tamil
ネ	Katakana
호	Hangul
약	Hangul
故	Han
城	Han
秒	Han
友	Han
離	Han
哥	Han
普	Han
複	Han
엄	Hangul
モ	Katakana
具	Han
觉	Han
案	Han
친	Hangul
變	Han
伝	Han
林	Han
走	Han
战	Han
断	Han
悲	Han
역	Hangul
ஞ	Tamil
仰	Han
带	Han
목	Hangul
區	Han
최	Hangul
口	Han
ュ	Katakana
男	Han
夠	Han
效	Han
함	Hangul
響	Han
清	Han
指	Han
亚	Han
險	Han
眾	Han
概	Han
伙	Han
观	Han
另	Han
៤	Khmer
६	Devanagari
路	Han
포	Hangul
医	Han
图	Han
축	Hangul
ֆ	Armenian
係	Han
ঃ	Bengali
德	Han
聞	Han
올	Hangul
脳	Han
ઞ	Gujarati
胞	Han
۲	Arabic
限	Han
침	Hangul
며	Hangul
東	Han
経	Han
望	Han
激	Han
ൗ	Malayalam
專	Han
飛	Han
輕	Han
米	Han
선	Hangul
智	Han
린	Hangul
환	Hangul
达	Han
背	Han
복	Hangul
奇	Han
테	Hangul
째	Hangul
록	Hangul
質	Han
产	Han
治	Han
博	Han
৩	Bengali
含	Han
統	Han
달	Hangul
ฒ	Thai
环	Han
収	Han
元	Han
૪	Gujarati
等	Han
૨	Gujarati
설	Hangul
짜	Hangul
害	Han
覚	Han
速	Han
千	Han
腦	Han
马	Han
脑	Han
组	Han
令	Han
史	Han
控	Han
ケ	Katakana
歌	Han
校	Han
ઢ	Gujarati
游	Han
布	Han
创	Han
へ	Hiragana
ඤ	Sinhala
頭	Han
馬	Han
領	Han
٤	Arabic
论	Han
변	Hangul
痛	Han
测	Han
ឱ	Khmer
介	Han
处	Han
传	Han
름	Hangul
某	Han
則	Han
河	Han
吸	Han
먼	Hangul
৪	Bengali
歲	Han
典	Han
须	Han
파	Hangul
ఞ	Telugu
晚	Han
ザ	Katakana
役	Han
傷	Han
旅	Han
予	Han
체	Hangul
裝	Han
៣	Khmer
議	Han
ಊ	Kannada
记	Han
림	Hangul
 	Latin-1 Supplement[h]
손	Hangul
절	Hangul
暗	Han
‘	General Punctuation
座	Han
段	Han
習	Han
ཝ	Tibetan
左	Han
논	Hangul
訊	Han
ඛ	Sinhala
館	Han
刺	Han
병	Hangul
華	Han
೨	Kannada
믿	Hangul
ઊ	Gujarati
၄	Myanmar
ハ	Katakana
赛	Han
產	Han
초	Hangul
쟁	Hangul
ï	Latin-1 Supplement[h]
透	Han
천	Hangul
液	Han
幻	Han
供	Han
네	Hangul
遺	Han
̃	Others
潛	Han
浮	Han
晴	Han
ۀ	Arabic
妙	Han
視	Han
앉	Hangul
ѳ	Cyrillic
樂	Han
৫	Bengali
형	Hangul
၈	Myanmar
觀	Han
富	Han
勒	Han
ஓ	Tamil
门	Han
．	Halfwidth and Fullwidth Forms
느	Hangul
석	Hangul
후	Hangul
革	Han
月	Han
ブ	Katakana
ฮ	Thai
讀	Han
較	Han
워	Hangul
难	Han
책	Hangul
민	Hangul
疑	Han
康	Han
啦	Han
೫	Kannada
૯	Gujarati
ϊ	Greek and Coptic
单	Han
৮	Bengali
페	Hangul
付	Han
ઃ	Gujarati
७	Devanagari
掉	Han
興	Han
索	Han
玩	Han
容	Han
ズ	Katakana
企	Han
벌	Hangul
ဿ	Myanmar
ピ	Katakana
舞	Han
협	Hangul
던	Hangul
儿	Han
退	Han
ಃ	Kannada
ྕ	Tibetan
统	Han
列	Han
張	Han
ダ	Katakana
维	Han
宇	Han
큰	Hangul
쪽	Hangul
녀	Hangul
领	Han
쓰	Hangul
南	Han
강	Hangul
앞	Hangul
格	Han
握	Han
書	Han
필	Hangul
皆	Han
楼	Han
創	Han
遭	Han
融	Han
ఐ	Telugu
犯	Han
変	Han
服	Han
맞	Hangul
驗	Han
妳	Han
燃	Han
療	Han
描	Han
애	Hangul
拥	Han
門	Han
互	Han
ギ	Katakana
滋	Han
혀	Hangul
圖	Han
盛	Han
ĺ	Latin
设	Han
条	Han
온	Hangul
塊	Han
朋	Han
运	Han
۶	Arabic
반	Hangul
欢	Han
两	Han
母	Han
恐	Han
祖	Han
준	Hangul
û	Latin-1 Supplement[h]
ฏ	Thai
氣	Han
准	Han
월	Hangul
猜	Han
趣	Han
費	Han
調	Han
癌	Han
메	Hangul
边	Han
啊	Han
ۓ	Arabic
ൺ	Malayalam
历	Han
易	Han
處	Han
显	Han
組	Han
乎	Han
ಐ	Kannada
简	Han
提	Han
苦	Han
٩	Arabic
識	Han
願	Han
ෆ	Sinhala
烈	Han
び	Hiragana
류	Hangul
증	Hangul
등	Hangul
认	Han
席	Han
両	Han
寄	Han
転	Han
宙	Han
際	Han
ゴ	Katakana
熟	Han
邊	Han
沢	Han
감	Hangul
许	Han
虑	Han
怀	Han
谈	Han
갔	Hangul
随	Han
預	Han
线	Han
院	Han
除	Han
罪	Han
희	Hangul
引	Han
+	Basic Latin[g]
视	Han
盤	Han
括	Han
ァ	Katakana
伴	Han
๊	Thai
십	Hangul
跳	Han
該	Han
号	Han
ぶ	Hiragana
힘	Hangul
産	Han
精	Han
큼	Hangul
ഊ	Malayalam
백	Hangul
립	Hangul
结	Han
載	Han
耗	Han
配	Han
争	Han
산	Hangul
條	Han
礼	Han
占	Han
婦	Han
鼓	Han
講	Han
젝	Hangul
떤	Hangul
ฬ	Thai
支	Han
꿈	Hangul
據	Han
겨	Hangul
蜂	Han
슬	Hangul
막	Hangul
东	Han
句	Han
٬	Arabic
慮	Han
風	Han
野	Han
洲	Han
担	Han
酸	Han
떠	Hangul
總	Han
降	Han
៌	Khmer
길	Hangul
古	Han
၇	Myanmar
窓	Han
骨	Han
偏	Han
网	Han
極	Han
黑	Han
詞	Han
ஈ	Tamil
뿐	Hangul
키	Hangul
歳	Han
焦	Han
见	Han
브	Hangul
참	Hangul
周	Han
탄	Hangul
客	Han
ឪ	Khmer
暴	Han
阿	Han
疾	Han
囲	Han
穷	Han
導	Han
裁	Han
૭	Gujarati
击	Han
蚊	Han
떨	Hangul
戰	Han
억	Hangul
채	Hangul
৭	Bengali
冒	Han
隨	Han
刻	Han
멋	Hangul
章	Han
修	Han
ベ	Katakana
较	Han
換	Han
鳥	Han
亮	Han
减	Han
៨	Khmer
哪	Han
漂	Han
希	Han
ྭ	Tibetan
妹	Han
녹	Hangul
농	Hangul
ビ	Katakana
८	Devanagari
베	Hangul
새	Hangul
덕	Hangul
ﺍ	Arabic Presentation Forms-B
놓	Hangul
떻	Hangul
색	Hangul
ः	Devanagari
画	Han
风	Han
様	Han
՛	Armenian
肉	Han
머	Hangul
၎	Myanmar
갖	Hangul
納	Han
줄	Hangul
福	Han
帶	Han
坐	Han
標	Han
规	Han
致	Han
냥	Hangul
몇	Hangul
员	Han
폭	Hangul
馆	Han
羊	Han
五	Han
错	Han
失	Han
답	Hangul
姆	Han
州	Han
迪	Han
醫	Han
仕	Han
属	Han
缺	Han
೩	Kannada
北	Han
삶	Hangul
언	Hangul
職	Han
軍	Han
취	Hangul
气	Han
筆	Han
武	Han
깨	Hangul
듯	Hangul
鎖	Han
༩	Tibetan
울	Hangul
틀	Hangul
密	Han
緊	Han
극	Hangul
楽	Han
适	Han
품	Hangul
污	Han
豪	Han
財	Han
ಘ	Kannada
巴	Han
누	Hangul
글	Hangul
۷	Arabic
追	Han
戏	Han
艇	Han
၃	Myanmar
쳐	Hangul
３	Halfwidth and Fullwidth Forms
份	Han
추	Hangul
块	Han
貧	Han
께	Hangul
腺	Han
団	Han
辦	Han
弱	Han
網	Han
億	Han
斷	Han
书	Han
守	Han
尝	Han
劇	Han
聯	Han
熱	Han
ඹ	Sinhala
勇	Han
排	Han
乏	Han
差	Han
油	Han
约	Han
兰	Han
土	Han
허	Hangul
버	Hangul
植	Han
挑	Han
葉	Han
突	Han
頂	Han
圈	Han
戦	Han
木	Han
帮	Han
叛	Han
ポ	Katakana
印	Han
威	Han
爱	Han
ゲ	Katakana
節	Han
護	Han
빙	Hangul
났	Hangul
聽	Han
曾	Han
香	Han
閱	Han
農	Han
局	Han
商	Han
활	Hangul
負	Han
房	Han
雜	Han
步	Han
٧	Arabic
담	Hangul
诺	Han
づ	Hiragana
ґ	Cyrillic
庭	Han
防	Han
仍	Han
却	Han
封	Han
选	Han
請	Han
컴	Hangul
罗	Han
糖	Han
盲	Han
릅	Hangul
喝	Han
ぜ	Hiragana
联	Han
얼	Hangul
側	Han
宮	Han
顯	Han
遊	Han
材	Han
站	Han
羅	Han
择	Han
兴	Han
往	Han
ඌ	Sinhala
怕	Han
官	Han
推	Han
愿	Han
即	Han
瘤	Han
@	Basic Latin[g]
織	Han
듣	Hangul
覆	Han
丟	Han
벨	Hangul
鹿	Han
４	Halfwidth and Fullwidth Forms
怖	Han
离	Han
媽	Han
聖	Han
険	Han
节	Han
임	Hangul
媒	Han
术	Han
찬	Hangul
汉	Han
塑	Han
幕	Han
軸	Han
勢	Han
巨	Han
杯	Han
ヶ	Katakana
尔	Han
頼	Han
鏡	Han
牠	Han
培	Han
碼	Han
臂	Han
连	Han
卡	Han
킬	Hangul
遷	Han
抱	Han
澳	Han
ಠ	Kannada
働	Han
鳕	Han
伸	Han
幾	Han
负	Han
权	Han
义	Han
奧	Han
權	Han
랍	Hangul
될	Hangul
뢰	Hangul
雷	Han
徒	Han
孕	Han
磨	Han
༦	Tibetan
穿	Han
─	Others
纽	Han
豆	Han
ෛ	Sinhala
噢	Han
궁	Hangul
執	Han
炎	Han
ഛ	Malayalam
別	Han
룰	Hangul
团	Han
药	Han
仲	Han
ﺎ	Arabic Presentation Forms-B
値	Han
畢	Han
塔	Han
托	Han
距	Han
編	Han
据	Han
鱼	Han
脅	Han
悄	Han
瘋	Han
験	Han
夕	Han
挙	Han
贝	Han
匹	Han
睡	Han
ヤ	Katakana
풍	Hangul
플	Hangul
끝	Hangul
埋	Han
ﺿ	Arabic Presentation Forms-B
响	Han
聚	Han
닙	Hangul
靠	Han
翻	Han
	Latin-1 Supplement[h]
末	Han
薬	Han
편	Hangul
尽	Han
육	Hangul
깊	Hangul
殺	Han
述	Han
零	Han
序	Han
茲	Han
强	Han
调	Han
抜	Han
港	Han
°	Latin-1 Supplement[h]
紹	Han
ඡ	Sinhala
処	Han
퓨	Hangul
૬	Gujarati
놀	Hangul
划	Han
沙	Han
搞	Han
戲	Han
혼	Hangul
久	Han
胆	Han
積	Han
菜	Han
束	Han
柴	Han
尤	Han
烧	Han
૫	Gujarati
七	Han
ゼ	Katakana
賄	Han
街	Han
』	CJK Symbols and Punctuation
擴	Han
寶	Han
优	Han
肝	Han
効	Han
整	Han
兼	Han
냅	Hangul
뜨	Hangul
擊	Han
ヒ	Katakana
险	Han
扱	Han
찾	Hangul
¨	Latin-1 Supplement[h]
卻	Han
園	Han
青	Han
煤	Han
巡	Han
－	Halfwidth and Fullwidth Forms
朝	Han
꼭	Hangul
핑	Hangul
乗	Han
曜	Han
復	Han
蟲	Han
悉	Han
況	Han
绍	Han
ヨ	Katakana
谁	Han
众	Han
摄	Han
밝	Hangul
努	Han
傾	Han
评	Han
盒	Han
森	Han
북	Hangul
島	Han
项	Han
랑	Hangul
璧	Han
릴	Hangul
擇	Han
籌	Han
楚	Han
藝	Han
곤	Hangul
빠	Hangul
ٰ	Arabic
満	Han
攝	Han
猩	Han
´	Latin-1 Supplement[h]
棄	Han
繋	Han
登	Han
避	Han
昆	Han
따	Hangul
ྫ	Tibetan
욱	Hangul
湖	Han
練	Han
됐	Hangul
迫	Han
৯	Bengali
엘	Hangul
舉	Han
授	Han
夏	Han
準	Han
オ	Katakana
먹	Hangul
뜻	Hangul
疼	Han
惊	Han
奏	Han
ཌ	Tibetan
忠	Han
૮	Gujarati
延	Han
協	Han
範	Han
ಓ	Kannada
鐘	Han
驚	Han
誰	Han
투	Hangul
砰	Han
証	Han
坚	Han
换	Han
烫	Han
む	Hiragana
厂	Han
ऑ	Devanagari
倫	Han
犬	Han
單	Han
雄	Han
毒	Han
留	Han
쓸	Hangul
완	Hangul
격	Hangul
雅	Han
床	Han
ঐ	Bengali
宜	Han
欧	Han
爭	Han
狂	Han
际	Han
態	Han
౩	Telugu
奖	Han
ホ	Katakana
箱	Han
망	Hangul
燭	Han
廳	Han
외	Hangul
銀	Han
专	Han
颜	Han
别	Han
启	Han
终	Han
角	Han
覧	Han
尊	Han
콜	Hangul
團	Han
༨	Tibetan
규	Hangul
埃	Han
穆	Han
父	Han
歐	Han
응	Hangul
热	Han
读	Han
猫	Han
唯	Han
曲	Han
棒	Han
族	Han
陽	Han
驱	Han
ゃ	Hiragana
岛	Han
患	Han
층	Hangul
织	Han
蓋	Han
ٌ	Arabic
豐	Han
总	Han
竟	Han
短	Han
逃	Han
#	Basic Latin[g]
奉	Han
壽	Han
溫	Han
ഐ	Malayalam
備	Han
넘	Hangul
訪	Han
惨	Han
察	Han
塞	Han
剧	Han
肿	Han
妈	Han
栩	Han
۴	Arabic
評	Han
応	Han
无	Han
잡	Hangul
破	Han
蛋	Han
藍	Han
乐	Han
车	Han
繰	Han
욕	Hangul
宗	Han
休	Han
늘	Hangul
凌	Han
៖	Khmer
読	Han
肥	Han
參	Han
僅	Han
務	Han
૩	Gujarati
则	Han
잠	Hangul
急	Han
၆	Myanmar
렵	Hangul
船	Han
肺	Han
牙	Han
批	Han
轻	Han
汽	Han
쨌	Hangul
붙	Hangul
济	Han
ٔ	Arabic
灰	Han
针	Han
首	Han
紙	Han
튜	Hangul
队	Han
༥	Tibetan
๋	Thai
哈	Han
插	Han
填	Han
弄	Han
率	Han
씨	Hangul
휴	Hangul
抽	Han
構	Han
惑	Han
请	Han
ऋ	Devanagari
隊	Han
夫	Han
೧	Kannada
冰	Han
益	Han
晕	Han
低	Han
策	Han
晨	Han
ঢ	Bengali
戻	Han
假	Han
歡	Han
티	Hangul
残	Han
尚	Han
恒	Han
寫	Han
ひ	Hiragana
嘉	Han
ΐ	Greek and Coptic
럴	Hangul
忘	Han
ﻮ	Arabic Presentation Forms-B
밀	Hangul
店	Han
༢	Tibetan
傳	Han
雇	Han
魚	Han
该	Han
端	Han
拿	Han
頃	Han
障	Han
您	Han
救	Han
륙	Hangul
昨	Han
밖	Hangul
©	Latin-1 Supplement[h]
钱	Han
얻	Hangul
婚	Han
셨	Hangul
루	Hangul
震	Han
놈	Hangul
溢	Han
吱	Han
攻	Han
炭	Han
払	Han
征	Han
눈	Hangul
갈	Hangul
샤	Hangul
숨	Hangul
維	Han
况	Han
買	Han
版	Han
٨	Arabic
택	Hangul
籍	Han
村	Han
腕	Han
血	Han
幫	Han
困	Han
兵	Han
横	Han
묘	Hangul
甜	Han
죽	Hangul
层	Han
줍	Hangul
ൌ	Malayalam
득	Hangul
營	Han
聪	Han
醒	Han
項	Han
隆	Han
찍	Hangul
특	Hangul
ぎ	Hiragana
哲	Han
茂	Han
耀	Han
涉	Han
블	Hangul
抗	Han
摂	Han
錢	Han
欲	Han
侵	Han
临	Han
疹	Han
墻	Han
苗	Han
赞	Han
驼	Han
沈	Han
泄	Han
遇	Han
禦	Han
崩	Han
循	Han
芬	Han
讲	Han
굴	Hangul
骼	Han
굉	Hangul
닌	Hangul
嗎	Han
录	Han
衛	Han
艾	Han
軽	Han
충	Hangul
滴	Han
喀	Han
频	Han
岩	Han
玷	Han
渴	Han
胁	Han
웅	Hangul
泉	Han
釋	Han
呎	Han
迟	Han
쳤	Hangul
寧	Han
繪	Han
厌	Han
帕	Han
伟	Han
토	Hangul
鬧	Han
ī	Latin
吹	Han
敵	Han
柄	Han
珍	Han
双	Han
几	Han
찰	Hangul
족	Hangul
迴	Han
导	Han
萄	Han
蘭	Han
낮	Hangul
춰	Hangul
披	Han
爆	Han
ඵ	Sinhala
猶	Han
饒	Han
ঢ়	Bengali
臭	Han
込	Han
践	Han
陸	Han
憂	Han
标	Han
범	Hangul
８	Halfwidth and Fullwidth Forms
ふ	Hiragana
뒤	Hangul
缩	Han
섭	Hangul
€	Others
稻	Han
识	Han
轉	Han
酶	Han
絕	Han
엔	Hangul
ढ़	Devanagari
補	Han
略	Han
顧	Han
罩	Han
乳	Han
賴	Han
叶	Han
잃	Hangul
压	Han
ఊ	Telugu
傍	Han
疏	Han
骑	Han
涯	Han
縮	Han
务	Han
钥	Han
唤	Han
績	Han
율	Hangul
慣	Han
浴	Han
５	Halfwidth and Fullwidth Forms
飽	Han
낼	Hangul
잘	Hangul
亞	Han
圣	Han
傢	Han
粪	Han
暮	Han
適	Han
혹	Hangul
묻	Hangul
ඞ	Sinhala
扁	Han
므	Hangul
滞	Han
督	Han
둥	Hangul
헤	Hangul
依	Han
判	Han
끌	Hangul
旁	Han
胃	Han
杂	Han
陌	Han
緑	Han
剤	Han
拯	Han
씁	Hangul
霍	Han
頓	Han
틱	Hangul
駆	Han
戯	Han
얀	Hangul
淆	Han
诊	Han
․	General Punctuation
啡	Han
遣	Han
勤	Han
泰	Han
罕	Han
획	Hangul
『	CJK Symbols and Punctuation
ぞ	Hiragana
縒	Han
溝	Han
켜	Hangul
킹	Hangul
ឬ	Khmer
宿	Han
雍	Han
효	Hangul
潜	Han
票	Han
触	Han
곱	Hangul
歴	Han
款	Han
暂	Han
΄	Greek and Coptic
ঈ	Bengali
煩	Han
넣	Hangul
振	Han
醜	Han
껴	Hangul
览	Han
远	Han
둡	Hangul
剥	Han
깐	Hangul
违	Han
顔	Han
恥	Han
帐	Han
艘	Han
ඝ	Sinhala
肯	Han
麻	Han
髓	Han
審	Han
买	Han
썼	Hangul
ﺕ	Arabic Presentation Forms-B
멩	Hangul
왼	Hangul
折	Han
膚	Han
怯	Han
訳	Han
股	Han
渡	Han
證	Han
緒	Han
뱅	Hangul
虫	Han
擬	Han
ཱ	Tibetan
蚁	Han
０	Halfwidth and Fullwidth Forms
옵	Hangul
琢	Han
播	Han
켰	Hangul
犹	Han
奔	Han
旗	Han
內	Han
嫩	Han
황	Hangul
獸	Han
ﻭ	Arabic Presentation Forms-B
驾	Han
龐	Han
蔗	Han
掘	Han
肩	Han
톤	Hangul
搭	Han
쇄	Hangul
競	Han
獻	Han
癡	Han
穩	Han
큽	Hangul
乱	Han
땠	Hangul
코	Hangul
蜊	Han
逐	Han
납	Hangul
겋	Hangul
藉	Han
ぐ	Hiragana
빤	Hangul
吐	Han
滯	Han
奶	Han
鷹	Han
좀	Hangul
麗	Han
잊	Hangul
휘	Hangul
验	Han
隔	Han
딩	Hangul
携	Han
융	Hangul
岸	Han
扇	Han
ｑ	Halfwidth and Fullwidth Forms
牧	Han
菲	Han
익	Hangul
좁	Hangul
널	Hangul
栖	Han
业	Han
麥	Han
ဍ	Myanmar
朴	Han
ඈ	Sinhala
粹	Han
滅	Han
텐	Hangul
흔	Hangul
률	Hangul
､	Halfwidth and Fullwidth Forms
셰	Hangul
旳	Han
۵	Arabic
蝴	Han
顶	Han
퍼	Hangul
별	Hangul
ഃ	Malayalam
뱀	Hangul
稍	Han
ဌ	Myanmar
撞	Han
堡	Han
邦	Han
輯	Han
弟	Han
俄	Han
汙	Han
덧	Hangul
烦	Han
软	Han
养	Han
链	Han
溃	Han
欖	Han
夢	Han
徹	Han
值	Han
证	Han
迂	Han
둔	Hangul
쁜	Hangul
廣	Han
籤	Han
轮	Han
ぼ	Hiragana
캘	Hangul
螞	Han
眩	Han
喪	Han
蔵	Han
屏	Han
닐	Hangul
噓	Han
¥	Latin-1 Supplement[h]
雨	Han
縦	Han
罹	Han
謀	Han
검	Hangul
碍	Han
酒	Han
倒	Han
ﺱ	Arabic Presentation Forms-B
尺	Han
焼	Han
促	Han
仙	Han
毫	Han
꿔	Hangul
嘩	Han
ִ	Hebrew
꽃	Hangul
裂	Han
黎	Han
폐	Hangul
瑕	Han
৬	Bengali
災	Han
狙	Han
厕	Han
қ	Cyrillic
唱	Han
첫	Hangul
戴	Han
砸	Han
势	Han
橄	Han
忍	Han
빌	Hangul
嗑	Han
呐	Han
仗	Han
탕	Hangul
拟	Han
ऒ	Devanagari
廷	Han
絶	Han
맹	Hangul
럽	Hangul
닿	Hangul
洁	Han
愉	Han
尋	Han
릎	Hangul
唑	Han
紡	Han
储	Han
耳	Han
꼽	Hangul
夹	Han
ख़	Devanagari
葛	Han
絡	Han
냇	Hangul
락	Hangul
팔	Hangul
벡	Hangul
ォ	Katakana
爪	Han
꼬	Hangul
抵	Han
癒	Han
क़	Devanagari
杜	Han
童	Han
孤	Han
韧	Han
误	Han
闻	Han
亂	Han
컬	Hangul
넓	Hangul
ﺢ	Arabic Presentation Forms-B
圧	Han
ဩ	Myanmar
贫	Han
령	Hangul
凍	Han
틴	Hangul
櫚	Han
柜	Han
哦	Han
默	Han
赫	Han
麦	Han
칭	Hangul
廓	Han
歯	Han
ぷ	Hiragana
援	Han
脊	Han
밌	Hangul
렸	Hangul
悟	Han
妥	Han
優	Han
梯	Han
藥	Han
坦	Han
豬	Han
涂	Han
椅	Han
높	Hangul
夥	Han
议	Han
尷	Han
몸	Hangul
草	Han
ឭ	Khmer
坑	Han
盐	Han
汗	Han
ﻛ	Arabic Presentation Forms-B
巢	Han
덩	Hangul
맺	Hangul
律	Han
税	Han
艙	Han
척	Hangul
张	Han
宣	Han
僚	Han
喧	Han
몹	Hangul
仁	Han
엇	Hangul
监	Han
텔	Hangul
遥	Han
긍	Hangul
՜	Armenian
獨	Han
杰	Han
顺	Han
딱	Hangul
랐	Hangul
ඬ	Sinhala
賂	Han
屍	Han
卓	Han
棚	Han
季	Han
秤	Han
ឮ	Khmer
ﺟ	Arabic Presentation Forms-B
氨	Han
輪	Han
벳	Hangul
贵	Han
徵	Han
슷	Hangul
亿	Han
派	Han
附	Han
查	Han
ཪ	Tibetan
惩	Han
摸	Han
滿	Han
쌍	Hangul
昏	Han
谓	Han
懂	Han
악	Hangul
肠	Han
®	Latin-1 Supplement[h]
憶	Han
免	Han
ヌ	Katakana
仔	Han
蛤	Han
独	Han
饱	Han
粉	Han
¡	Latin-1 Supplement[h]
质	Han
ﺫ	Arabic Presentation Forms-B
获	Han
篇	Han
쥐	Hangul
ざ	Hiragana
胡	Han
阅	Han
树	Han
閘	Han
힌	Hangul
春	Han
梦	Han
낭	Hangul
클	Hangul
讼	Han
杏	Han
랭	Hangul
님	Hangul
黏	Han
۸	Arabic
闘	Han
糞	Han
散	Han
큐	Hangul
八	Han
召	Han
ﻥ	Arabic Presentation Forms-B
称	Han
捷	Han
师	Han
採	Han
ẳ	Latin
貿	Han
泣	Han
职	Han
李	Han
浪	Han
溺	Han
귀	Hangul
肌	Han
잎	Hangul
ಔ	Kannada
撤	Han
催	Han
앤	Hangul
鬱	Han
၉	Myanmar
帳	Han
ｉ	Halfwidth and Fullwidth Forms
쳔	Hangul
遗	Han
٣	Arabic
佩	Han
呯	Han
矮	Han
絵	Han
鳴	Han
덮	Hangul
彗	Han
ઑ	Gujarati
输	Han
ഔ	Malayalam
祉	Han
亩	Han
疯	Han
嬰	Han
ဋ	Myanmar
举	Han
ϋ	Greek and Coptic
藏	Han
虎	Han
흘	Hangul
瑚	Han
滩	Han
恩	Han
움	Hangul
乾	Han
骆	Han
耍	Han
谕	Han
庞	Han
肢	Han
皮	Han
稱	Han
贿	Han
퉁	Hangul
届	Han
뗄	Hangul
ﺤ	Arabic Presentation Forms-B
糊	Han
챕	Hangul
밤	Hangul
卫	Han
売	Han
싶	Hangul
厅	Han
説	Han
ฯ	Thai
脱	Han
鞭	Han
碳	Han
呀	Han
독	Hangul
姉	Han
苏	Han
跑	Han
盗	Han
署	Han
蹼	Han
瓦	Han
광	Hangul
ઔ	Gujarati
嘗	Han
傘	Han
黄	Han
螢	Han
丧	Han
콤	Hangul
뼈	Hangul
価	Han
츠	Hangul
ǎ	Latin
络	Han
驟	Han
副	Han
훔	Hangul
报	Han
侧	Han
疫	Han
脸	Han
访	Han
屆	Han
奈	Han
槓	Han
绝	Han
干	Han
艺	Han
렉	Hangul
咖	Han
‧	General Punctuation
帝	Han
뭐	Hangul
༧	Tibetan
왕	Hangul
랬	Hangul
錯	Han
丽	Han
竊	Han
胎	Han
葡	Han
劃	Han
＆	Halfwidth and Fullwidth Forms
養	Han
渐	Han
碟	Han
映	Han
伦	Han
ҷ	Cyrillic
철	Hangul
綴	Han
칠	Hangul
川	Han
敢	Han
鍮	Han
蝶	Han
喂	Han
莎	Han
訓	Han
匙	Han
蜡	Han
肤	Han
餵	Han
架	Han
芸	Han
貼	Han
充	Han
ツ	Katakana
忆	Han
၍	Myanmar
呗	Han
웠	Hangul
既	Han
౧	Telugu
歩	Han
灯	Han
購	Han
桿	Han
씌	Hangul
云	Han
态	Han
疗	Han
ឫ	Khmer
株	Han
승	Hangul
^	Basic Latin[g]
兄	Han
操	Han
扎	Han
괴	Hangul
単	Han
租	Han
듭	Hangul
罰	Han
붉	Hangul
೪	Kannada
崇	Han
脏	Han
ฑ	Thai
厘	Han
；	Halfwidth and Fullwidth Forms
綜	Han
権	Han
讨	Han
창	Hangul
酷	Han
细	Han
壊	Han
盖	Han
ペ	Katakana
荣	Han
팩	Hangul
页	Han
胺	Han
렀	Hangul
袋	Han
責	Han
窗	Han
萨	Han
箭	Han
纯	Han
録	Han
永	Han
伺	Han
础	Han
ឍ	Khmer
棋	Han
껏	Hangul
滥	Han
烛	Han
罚	Han
盟	Han
潤	Han
賣	Han
獲	Han
諷	Han
앨	Hangul
淹	Han
替	Han
円	Han
誌	Han
惱	Han
몬	Hangul
帯	Han
费	Han
穗	Han
련	Hangul
俺	Han
拼	Han
逆	Han
ઍ	Gujarati
谎	Han
军	Han
༤	Tibetan
瑞	Han
割	Han
桶	Han
繫	Han
码	Han
径	Han
吉	Han
ﻟ	Arabic Presentation Forms-B
芒	Han
롯	Hangul
责	Han
严	Han
週	Han
阵	Han
誇	Han
ヴ	Katakana
秀	Han
幅	Han
升	Han
ௌ	Tamil
惡	Han
檢	Han
깥	Hangul
摩	Han
ぱ	Hiragana
暖	Han
歷	Han
쉽	Hangul
板	Han
広	Han
射	Han
케	Hangul
専	Han
颗	Han
龙	Han
級	Han
릭	Hangul
렬	Hangul
疵	Han
급	Hangul
膽	Han
<	Basic Latin[g]
黃	Han
陈	Han
忙	Han
享	Han
ﻧ	Arabic Presentation Forms-B
硬	Han
剰	Han
恼	Han
松	Han
霉	Han
슐	Hangul
続	Han
败	Han
誠	Han
鳄	Han
훈	Hangul
橋	Han
懒	Han
擔	Han
绘	Han
牛	Han
瑟	Han
ゾ	Katakana
웨	Hangul
칼	Hangul
陳	Han
拒	Han
抑	Han
缘	Han
侣	Han
빈	Hangul
励	Han
輸	Han
센	Hangul
嫁	Han
采	Han
牆	Han
圍	Han
捐	Han
암	Hangul
템	Hangul
赤	Han
狱	Han
嗨	Han
弃	Han
农	Han
커	Hangul
累	Han
ﺮ	Arabic Presentation Forms-B
꾸	Hangul
끔	Hangul
居	Han
套	Han
炉	Han
雑	Han
慧	Han
롭	Hangul
綁	Han
异	Han
宅	Han
ऎ	Devanagari
혜	Hangul
涡	Han
ఠ	Telugu
央	Han
昼	Han
乌	Han
扔	Han
맙	Hangul
募	Han
跡	Han
敦	Han
奮	Han
뉴	Hangul
써	Hangul
졸	Hangul
듀	Hangul
鄉	Han
伍	Han
곧	Hangul
妮	Han
労	Han
髄	Han
珊	Han
軌	Han
捕	Han
聴	Han
춥	Hangul
旦	Han
읽	Hangul
岁	Han
紀	Han
刊	Han
뿜	Hangul
墙	Han
餘	Han
航	Han
ﻜ	Arabic Presentation Forms-B
田	Han
呆	Han
淋	Han
灣	Han
遞	Han
ؑ	Arabic
힐	Hangul
異	Han
勵	Han
迷	Han
稅	Han
洋	Han
７	Halfwidth and Fullwidth Forms
랜	Hangul
홈	Hangul
屁	Han
驅	Han
均	Han
偉	Han
ํ	Thai
ಢ	Kannada
균	Hangul
쯤	Hangul
臨	Han
壮	Han
牵	Han
觸	Han
씀	Hangul
厉	Han
庫	Han
尬	Han
哇	Han
虐	Han
層	Han
惧	Han
屬	Han
飯	Han
誕	Han
番	Han
餅	Han
熊	Han
漸	Han
栏	Han
낙	Hangul
嘛	Han
借	Han
슨	Hangul
谷	Han
撼	Han
释	Han
泌	Han
毎	Han
孙	Han
陛	Han
끼	Hangul
烴	Han
違	Han
錠	Han
ٴ	Arabic
規	Han
討	Han
濟	Han
亡	Han
怪	Han
턴	Hangul
陆	Han
뜩	Hangul
驶	Han
腔	Han
满	Han
旧	Han
٦	Arabic
麽	Han
剩	Han
右	Han
郵	Han
混	Han
측	Hangul
蟻	Han
縁	Han
쌓	Hangul
撒	Han
崗	Han
悪	Han
窮	Han
瞰	Han
溶	Han
樹	Han
硅	Han
恕	Han
睛	Han
쿠	Hangul
波	Han
补	Han
扩	Han
짓	Hangul
灵	Han
